<?xml version="1.0" encoding="UTF-8"?>
<project-private xmlns="http://www.netbeans.org/ns/project-private/1">
    <editor-bookmarks xmlns="http://www.netbeans.org/ns/editor-bookmarks/2" lastBookmarkId="0"/>
    <open-files xmlns="http://www.netbeans.org/ns/projectui-open-files/2">
        <group>
            <file>file:/F:/4thyear/JSP%20Samples/MovieTicketBookingSystem/web/printTicket.jsp</file>
            <file>file:/F:/4thyear/JSP%20Samples/MovieTicketBookingSystem/web/about-us.html</file>
            <file>file:/F:/4thyear/JSP%20Samples/MovieTicketBookingSystem/web/CustomerMain.jsp</file>
            <file>file:/F:/4thyear/JSP%20Samples/MovieTicketBookingSystem/web/index.jsp</file>
        </group>
    </open-files>
</project-private>
